kernel_x,kernel_y,M,N,iterations,time_h2d,time_compute,time_d2h,total_time,GStencil
2,2,16,16,1,0.00030785100534558296,0.00010609500168357044,5.879881617001956,5.8802955630089855,1.6231884057971013
2,2,16,16,4,0.0005031289911130443,0.00012199000047985464,5.90751771700161,5.908142835993203,1.631166939741489
