kernel_x,kernel_y,M,N,iterations,time_h2d,time_compute,time_d2h,total_time,GStencil
2,2,16,16,1,0.0027175620016350877,15.816590402999282,1.054438390998257,16.873746355999174,2.562929061784897
